Order Date,Customer First Name,Customer Last Name,Post Code,Region,Region Code,Product,Quantity,Sales$
1/1/2025,Rachel,Anderson,UK-123456,Europe,EMEA,Phone,7,700
2/1/2025,Richard,Thomas,US-578979,america [usa],NA,Tablet,44,600
3/1/2025,Michelle,Moore,US-567987,america,NA,Headset,42,180
4/1/2025,Ashley,Jackson,UK-124356,Europe central,EMEA,Speaker,37,160
5/1/2025,Christopher,Martin,US-576779,america [usa],NA,Watch,15,380
6/1/2025,Joshua,Lee,CA-589478,america CA,NA,Laptop,55,1200
7/1/2025,Ashley,Lewis,UK-123456,Europe,EMEA,Phone,34,720
8/1/2025,Ryan,Green,US-578979,America,NA,Tablet,57,650
9/1/2025,Charles,Hall,US-589478,america,NA,Headset,41,170
10/1/2025,Brandon,Baker,UK-123456,Europe central,EMEA,Speaker,16,140
11/1/2025,Matthew,Nelson,US-578979,America,NA,Watch,31,390
12/1/2025,Nathan,Carter,US-589478,america,NA,Laptop,28,1100
13-01-2025,Sarah,Kim,UK-123456,Europe,EMEA,Laptop,47,1500
14-01-2025,John,Smith,US-565879,America,NA,Phone,31,2000
15-01-2025,Michael,Brown,US-589478,america,NA,Tablet,58,2500
16-01-2025,David,Johnson,UK-124356,Europe central,EMEA,TV,6,3000
17-01-2025,Maria,Garcia,US-578879,America,NA,Headphone,56,3500
18-01-2025,Jennifer,Davis,CA-575678,america CA,NA,Smartwatch,20,4000
19-01-2025,James,Wilson,UK-123456,Europe,EMEA,Speakers,8,4500
20-01-2025,Sarah,Martinez,IN-567897,Asia,APAC,Gaming Console,44,5000
21-01-2025,John,Anderson,CA-567987,america CA,NA,Printer,29,5500
22-01-2025,Michael,Taylor,UK-124356,Europe central,EMEA,Router,42,6000
23-01-2025,John,Doe,CA-567987,america CA,NA,Laptop,46,1000
24-01-2025,Jane,Doe,UK-124356,Europe,EMEA,Phone,54,800
25-01-2025,Michael,Smith,IN-576779,Asia,APAC,Tablet,32,500
26-01-2025,David,Johnson,CA-589478,america CA,NA,Headset,13,200
27-01-2025,Elizabeth,Brown,UK-123456,Europe central,EMEA,Speaker,51,150
28-01-2025,Kevin,Davis,NP-578979,Asia,APAC,Watch,9,400
29-01-2025,Sarah,Wilson,CA-589478,america CA,NA,Laptop,49,1300
30-01-2025,Rachel,Anderson,UK-123456,Europe,EMEA,Phone,53,700
31-01-2025,Richard,Thomas,PK-578979,Asia Pacific,APAC,Tablet,11,600
