Order Date,Customer First Name,Customer Last Name,Post Code,Region,Region Code,Product,Quantity,Sales$
1/2/2025,Michelle,Moore,CA-567987,america CA,NA,Headset,57,180
2/2/2025,Ashley,Jackson,UK-124356,Europe,EMEA,Speaker,21,160
3/2/2025,Christopher,Martin,SL-576779,Asia Pacific,APAC,Watch,50,380
4/2/2025,Joshua,Lee,CA-589478,america CA,NA,Laptop,57,1200
5/2/2025,Ashley,Lewis,UK-123456,Europe,EMEA,Phone,25,720
6/2/2025,Ryan,Green,US-578979,America,NA,Tablet,53,650
7/2/2025,Charles,Hall,CA-589478,america CA,NA,Headset,30,170
8/2/2025,Brandon,Baker,UK-123456,Europe,EMEA,Speaker,49,140
9/2/2025,Matthew,Nelson,US-578979,America,NA,Watch,44,390
10/2/2025,Nathan,Carter,CA-589478,america CA,NA,Laptop,45,1100
